gene,cluster_id,level_1,level_2,level_3,level_4,max_level,is_core,mean_log2fc,direction
ACADL,7,True,True,True,True,4,True,-1.4339803784215688,down
AFF3,7,True,True,True,True,4,True,-1.6833030361813726,down
ASPN,3,True,True,True,True,4,True,2.6718291295735286,up
BCHE,11,True,True,True,True,4,True,1.3851694320000003,up
BMP4,1,True,True,True,True,4,True,0.8848575451813724,up
C12orf75,6,True,True,True,True,4,True,1.6684726460049022,up
CA4,8,True,True,True,True,4,True,-2.6278435876421566,down
CDH3,5,True,True,True,True,4,True,2.0699573360490184,up
CFH,6,True,True,True,True,4,True,1.2087352145833345,up
CLEC4E,4,True,True,True,True,4,True,-2.112202495093137,down
COL1A1,6,True,True,True,True,4,True,1.8143886366666662,up
COL1A2,11,True,True,True,True,4,True,1.0033768407352945,up
COL15A1,11,True,True,True,True,4,True,2.2287269114558823,up
COL17A1,3,True,True,True,True,4,True,1.8206032634117644,up
COMP,5,True,True,True,True,4,True,2.508882678,up
CRTAC1,7,True,True,True,True,4,True,-1.350626394230392,down
CSF3R,7,True,True,True,True,4,True,-1.2031581357156864,down
CXCL12,5,True,True,True,True,4,True,1.76327808170098,up
CXCL14,5,True,True,True,True,4,True,3.6260561041911763,up
DCLK1,11,True,True,True,True,4,True,1.142929060436274,up
DIO2,3,True,True,True,True,4,True,2.18309987922549,up
EDNRB,8,True,True,True,True,4,True,-1.6202531088529408,down
EPHA3,5,True,True,True,True,4,True,1.8039062058039212,up
FAM107A,4,True,True,True,True,4,True,-2.384273950147059,down
FGF1,11,True,True,True,True,4,True,0.5880047895637259,up
FKBP5,2,True,True,True,True,4,True,-2.3802050051960792,down
FMO5,8,True,True,True,True,4,True,-2.1291495166813723,down
FNDC1,3,True,True,True,True,4,True,2.1812423590931376,up
FPR1,9,True,True,True,True,4,True,-1.4251802272450966,down
GPR4,9,True,True,True,True,4,True,-1.3199506976568633,down
GPR87,3,True,True,True,True,4,True,2.1872147318235298,up
GPX3,2,True,True,True,True,4,True,-1.753161091813726,down
HHLA2,5,True,True,True,True,4,True,0.6421102975833337,up
HIF3A,2,True,True,True,True,4,True,-2.516787820196077,down
HSD17B6,7,True,True,True,True,4,True,-1.5218438598137252,down
IGFL2,1,True,True,True,True,4,True,1.1054279904068636,up
IL1R2,4,True,True,True,True,4,True,-3.7289131722843147,down
IL1RL1,4,True,True,True,True,4,True,-2.866239589813726,down
IL13RA2,3,True,True,True,True,4,True,2.7125436044950986,up
IL18R1,8,True,True,True,True,4,True,-2.005503342147059,down
IL18RAP,8,True,True,True,True,4,True,-2.2647721197892148,down
ITGB8,11,True,True,True,True,4,True,1.1351947990931373,up
KRT5,1,True,True,True,True,4,True,2.233159223196078,up
KRT14,11,True,True,True,True,4,True,0.8689211813186279,up
KRT15,5,True,True,True,True,4,True,2.0495977589019603,up
KRT17,3,True,True,True,True,4,True,2.681324067784314,up
LRRC17,1,True,True,True,True,4,True,1.8203208223480392,up
LRRN1,3,True,True,True,True,4,True,1.7229078799411766,up
LTBP1,11,True,True,True,True,4,True,1.1123032223725493,up
MMP7,5,True,True,True,True,4,True,3.742058752450979,up
MMP10,3,True,True,True,True,4,True,1.8697474591568632,up
MMP13,3,True,True,True,True,4,True,0.9645806453627453,up
MUC5B,11,True,True,True,True,4,True,1.5504867662990192,up
MXRA5,5,True,True,True,True,4,True,1.7253818273186279,up
NPR1,2,True,True,True,True,4,True,-1.2288141649264697,down
PAPSS2,2,True,True,True,True,4,True,-1.2884822140196075,down
PDGFRA,7,True,True,True,True,4,True,-1.2495446999901965,down
PEBP4,2,True,True,True,True,4,True,-1.769807352343137,down
PLLP,7,True,True,True,True,4,True,-1.270847671289217,down
PSD3,1,True,True,True,True,4,True,1.2981514830539211,up
PTPRB,9,True,True,True,True,4,True,-1.4572815994411756,down
S100A8,9,True,True,True,True,4,True,-1.628761359558824,down
S100A12,8,True,True,True,True,4,True,-3.07656019229902,down
SCN7A,9,True,True,True,True,4,True,-1.3926632290833323,down
SERPIND1,3,True,True,True,True,4,True,2.3352218957549016,up
SLAMF7,5,True,True,True,True,4,True,2.0776681916323527,up
SLC39A8,7,True,True,True,True,4,True,-1.3368600782647047,down
SLCO4A1,4,True,True,True,True,4,True,-2.824348502068627,down
SULF1,3,True,True,True,True,4,True,2.0734964551911768,up
THY1,1,True,True,True,True,4,True,2.0530258371666665,up
TMEM45A,11,True,True,True,True,4,True,1.5262565473284317,up
TMPRSS4,3,True,True,True,True,4,True,1.8643344222941178,up
TP63,5,True,True,True,True,4,True,2.2548236266127453,up
TRIM2,11,True,True,True,True,4,True,1.0693242439803916,up
VSIG1,5,True,True,True,True,4,True,1.4017635518235299,up
ABCA3,7,True,False,True,True,4,False,-1.0420998272156865,down
ABCA13,14,True,False,True,True,4,False,1.426877664862745,up
AGER,7,True,False,True,True,4,False,-0.9175623159852946,down
AOC3,10,True,False,True,True,4,False,-0.9098368547450972,down
BMP7,0,True,False,True,True,4,False,0.15414169640686287,up
CACNA2D2,2,True,False,True,True,4,False,-1.136808106828432,down
CCL18,15,True,False,True,True,4,False,1.01841923559804,up
CDH13,10,True,False,True,True,4,False,-1.13483438845098,down
CHI3L2,9,True,False,True,True,4,False,-1.503935157705882,down
CLCA2,13,True,True,True,True,4,False,1.2341727613627453,up
CLDN1,6,True,False,True,True,4,False,1.801255364789215,up
COL3A1,14,True,False,True,True,4,False,1.3968925416666673,up
COL5A2,13,True,False,True,True,4,False,0.9882639580245097,up
COL6A3,13,True,False,True,True,4,False,1.09371000142157,up
COL14A1,1,True,False,True,True,4,False,2.431080493132353,up
CTSK,11,True,False,True,True,4,False,1.653792422622549,up
CXCL8,0,True,True,True,True,4,False,-0.5622533934411756,down
ENG,0,True,False,True,True,4,False,0.09996881002941177,up
FANK1,15,True,False,True,True,4,False,1.2624964966323522,up
GPNMB,12,True,False,True,True,4,False,0.9492948708088249,up
TAMALIN,10,True,True,True,True,4,False,-0.983573099960785,down
GSTA1,15,True,False,True,True,4,False,1.8136411351078434,up
HHIP,2,True,False,True,True,4,False,-1.571049106965686,down
HMCN1,13,True,True,True,True,4,False,0.9927960642009809,up
HSPA4L,13,True,False,True,True,4,False,0.7750433586960787,up
ID1,10,True,False,True,True,4,False,-1.1019949101960775,down
IL33,6,True,False,True,True,4,False,1.065262786406863,up
INMT,9,True,False,True,True,4,False,-1.1989249014509817,down
ITGA3,0,True,False,True,True,4,False,-0.009225137205882167,down
ITGAV,12,True,False,True,True,4,False,0.4986615771078433,up
KDR,10,True,False,True,True,4,False,-0.7827861843529411,down
LIN7A,10,True,False,True,True,4,False,-0.8728077075196078,down
LRRC32,10,True,False,True,True,4,False,-1.0398387022009798,down
MGAM,9,True,False,True,True,4,False,-1.9638225151470585,down
MMP1,1,True,False,True,True,4,False,3.8616703616862744,up
MS4A2,14,True,False,True,True,4,False,1.469657860607843,up
MSMB,15,True,False,True,True,4,False,2.5597289061813733,up
NEK11,12,True,False,True,True,4,False,0.5227292931813718,up
NELL2,14,True,False,True,True,4,False,1.2897846062450984,up
OGN,11,True,False,True,True,4,False,1.2689391850588227,up
PGC,4,True,False,True,True,4,False,-2.0184683132254895,down
PLA2G1B,2,True,False,True,True,4,False,-2.362236490843138,down
PRSS12,14,True,False,True,True,4,False,1.2261975351617642,up
S100A9,10,True,False,True,True,4,False,-1.1860468091372547,down
SERPINI2,12,True,False,True,True,4,False,0.810306446916667,up
SFRP2,1,True,False,True,True,4,False,3.5944415297745103,up
SFRP4,5,True,False,True,True,4,False,1.8523792322450996,up
SLCO2A1,7,True,False,True,True,4,False,-1.3373238230931361,down
SLN,14,True,True,True,True,4,False,1.3108052134313724,up
SOX2,6,True,False,True,True,4,False,1.7086029922401966,up
SPATA18,15,True,False,True,True,4,False,1.6476969347696078,up
STX11,9,True,False,True,True,4,False,-1.0893669451225492,down
SLITRK6,15,True,False,True,True,4,False,1.3501288319362752,up
SYTL2,1,True,False,True,True,4,False,0.6326512075049016,up
TGFB2,13,True,False,True,True,4,False,1.0332349970784314,up
TIMP3,10,True,False,True,True,4,False,-1.1384263837254893,down
VCAM1,3,True,False,True,True,4,False,1.917034589343137,up
WDR49,12,True,False,True,True,4,False,0.5820028620098034,up
ZBTB16,2,True,False,True,True,4,False,-2.043190177127451,down
ZG16B,11,True,False,True,True,4,False,1.044511374901961,up
FAM81B,15,True,False,True,False,3,False,1.8027183953480392,up
HRAS,0,True,False,True,False,3,False,0.1043182477794115,up
MNS1,15,True,False,True,False,3,False,1.2354436661666661,up
VEGFA,10,True,False,True,False,3,False,-0.557309821950979,down
DNAI7,15,True,False,False,False,1,False,1.0336619542549021,up
